text,created_at,like_count,trueSentiment,Unnamed: 4,Unnamed: 5,Unnamed: 6,Unnamed: 7,Unnamed: 8
happy mother day mom thank best mom grandmother taught concept giving titas constantly reminding keep faith lord madam leni robredo giving much hope better tomorrow,2022-05-07 23:59:59,1,,,,,,
im cry vp leni win,2022-05-07 23:59:50,10,,,,,,
thank rajiv,2022-05-07 23:59:39,0,,,,,,
rooting silent majority need leni,2022-05-07 23:59:34,0,,,,,,
havent even vp lenis rally feel allowed,2022-05-07 23:59:34,2,,,,,,
leni love point gotta call cop bruv,2022-05-07 23:59:34,0,,,,,,
abah mana sa idol strength right there election yet win dont use coke often thats stupid loser babym hit even though count 3 time still lose,2022-05-07 23:59:33,1,,,,,,
shes exhausted tired due heat tarpaulin covering half body one reason supporter reason leni would fail,2022-05-07 23:59:22,0,,,,,,
im one supporting leni house imagine hear everyday,2022-05-07 23:59:21,0,,,,,,
unithieves seems tendency pay lenikiko participate voluntarily may believe paid concept volunteerism paid artist already outdated hahaha squammy,2022-05-07 23:59:21,1,,,,,,
leni kiko win motto respect opinion popular side candidate become invoke right self incrimination clean government,2022-05-07 23:59:11,2,,,,,,
bkt join c leni smni debate hope face c bbm prof carlos n smart,2022-05-07 23:59:11,0,,,,,,
lord please guide everyone monday may goodness win let leni kiko win,2022-05-07 23:59:06,8,,,,,,
1st break leni,2022-05-07 23:58:58,0,,,,,,
cousin lss already rose let go pls,2022-05-07 23:58:55,1,,,,,,
drug user leni,2022-05-07 23:58:55,0,,,,,,
dear filipino even michael jordan scottie pippen needed elite supporting cast let forget vote lenikikos supporting cast senatorial slate,2022-05-07 23:58:42,0,,,,,,
history making 1m supporter vp leni meeting de avance makati,2022-05-07 23:58:27,0,,,,,,
thought iskonians campaign cool said theyre moving end still hit vp leni even though shes paying attention maybe he hotheaded he ignored,2022-05-07 23:58:26,8,,,,,,
ive readheard many speech ive written say vp lenis speech makati mda definitely one best speech ever writtenand delivered,2022-05-07 23:58:22,2,,,,,,
today watch,2022-05-07 23:58:14,0,,,,,,
medic leni,2022-05-07 23:58:12,0,,,,,,
anxiety week election retdem week even fail retdem ok long pres leni robredo vp kiko pangilinan im ok,2022-05-07 23:58:07,6,,,,,,
im nervous tomorrow election high hope leni win president kiko vicepresident,2022-05-07 23:58:03,0,,,,,,
say hakot one paid hahaha made volunteer leni camp,2022-05-07 23:58:02,1,,,,,,
replied pork samgy grad pic vp leni hahahahaha,2022-05-07 23:58:02,0,,,,,,
disrespectful supreme court decided case favor leni dont believe highest court land believe face book tik tok read get healed shame read may god bless,2022-05-07 23:57:59,1,,,,,,
never heard prrd say leni stronger possible,2022-05-07 23:57:56,0,,,,,,
throw drinking leni okay byee,2022-05-07 23:57:56,1,,,,,,
yikes,2022-05-07 23:57:55,1,,,,,,
youre cute dont miss leni also steal stupid junkshop public teacher,2022-05-07 23:57:49,0,,,,,,
last night drink discussed lenis platform told vote leni long vote diokno ta colmenares senator,2022-05-07 23:57:49,1,,,,,,
nope see post btc call week munger,2022-05-07 23:57:45,0,,,,,,
back hurt leni,2022-05-07 23:57:33,0,,,,,,
least may 9 vp leni spend time girl daughter,2022-05-07 23:57:27,8,,,,,,
preelection anxiety vp leni dont worry make win,2022-05-07 23:57:21,10,,,,,,
bbm youre pretending youre still bbm youre still,2022-05-07 23:57:05,0,,,,,,
bbmsara lenikiko wont win friend right lavern philippine,2022-05-07 23:57:05,1,,,,,,
happy mother day mama leni,2022-05-07 23:57:05,0,,,,,,
dont understand pulling number 2 leni candidate order win defeat number 1 bbm arent surprised said different heh he really different everyone else stupid,2022-05-07 23:57:00,31,,,,,,
280k barako leni kiko batangas grand rally rally lipa isko proclamation rally local candidate,2022-05-07 23:56:52,0,,,,,,
look like press fresh vp lenis campaign trail one seems like enough cover camera throw away oh wait actually happened,2022-05-07 23:56:52,0,,,,,,
supporter dont waste vote instead give vote vp leni robredo kiko pangilinan,2022-05-07 23:56:46,2,,,,,,
daddy lenikiko,2022-05-07 23:56:33,2,,,,,,
pre den te leni robredo,2022-05-07 23:56:33,0,,,,,,
good morning thirsty good governance lenikiko,2022-05-07 23:56:26,1,,,,,,
dont waste leni robredo losing loss loss one like,2022-05-07 23:56:26,0,,,,,,
cry leni kiko,2022-05-07 23:56:22,0,,,,,,
atheist prayed lenikiko,2022-05-07 23:56:20,3,,,,,,
said included masterlist leni tarp seen front house person brgy went around dont pay,2022-05-07 23:56:14,0,,,,,,
shes favor environmental protection since want take care homeclean renewable energy,2022-05-07 23:56:00,0,,,,,,
close stage stumbled upon paseo center led screen working leni kiko,2022-05-07 23:55:58,0,,,,,,
dont understand office mate capacity choose chel robin still choose blengbong leni,2022-05-07 23:55:46,1,,,,,,
greeting compatriot return home province vote vp leni thank sacrifice dedication people,2022-05-07 23:55:24,0,,,,,,
cry lenikiko,2022-05-07 23:55:22,0,,,,,,
didnt show drug test result leni dba,2022-05-07 23:55:18,0,,,,,,
asala sambandam leni dantlo velupetti without thinking consequence ala matladtam chala tappu oka star hero poster medha gave biggest blockbuster back back movie moment started disliking ah vishyam tho polste migatha valavi chinnave,2022-05-07 23:55:11,0,,,,,,
vico smart joy belmonte feel leni vp lose,2022-05-07 23:55:11,1,,,,,,
people edsa side pioneer delivered shaw side leni,2022-05-07 23:55:03,2,,,,,,
happy mother day mom aunt nora mom leni,2022-05-07 23:54:57,0,,,,,,
happy mother day mom sister mommy friend wish leni robredo kiko pangilinan vico sotto win,2022-05-07 23:54:52,1,,,,,,
go vote leni dont rude yet,2022-05-07 23:54:50,0,,,,,,
vp leni pls win 10,2022-05-07 23:54:49,0,,,,,,
voice today yesterday shouting leni,2022-05-07 23:54:49,7,,,,,,
youre going squirm vp lenis focus bottom look personal life compared compare house hope win thats dont place atty lopez replace slowly,2022-05-07 23:54:42,0,,,,,,
super smart babbling hahshshahahahahaha said even win streak ph sa miss u broken long vp leni win,2022-05-07 23:54:42,2,,,,,,
happy mother day mom lodi vote leni labyu,2022-05-07 23:54:41,0,,,,,,
im happy found another ally family lola leni,2022-05-07 23:54:39,2,,,,,,
sai da conta andre vei,2022-05-07 23:54:37,0,,,,,,
omg embarrassing,2022-05-07 23:54:34,1,,,,,,
manifesting leni win,2022-05-07 23:54:34,20,,,,,,
leni represents good governance,2022-05-07 23:54:32,0,,,,,,
didnt watch leni reifenstahls film either,2022-05-07 23:54:28,0,,,,,,
leni neighbor huhu,2022-05-07 23:54:23,0,,,,,,
dont script discus lenis platform want like back manufacturing unemployment benefit choose want im stupid like everything thief liar brain absorb information,2022-05-07 23:54:23,0,,,,,,
grandmother still fought solid bbm hahahaha get leni,2022-05-07 23:54:23,0,,,,,,
leni kiko really evil,2022-05-07 23:54:22,0,,,,,,
ok leni neighbor,2022-05-07 23:54:19,1,,,,,,
j mostrei deimais meu rosto na redes sociais agora chega,2022-05-07 23:54:15,0,,,,,,
sitting vice president fine record public service taint corruption paper leni robredo dream candidate word bbc news,2022-05-07 23:54:09,0,,,,,,
didnt leni go davao know one come rally inday sara mayor davao,2022-05-07 23:54:07,2,,,,,,
huhu heart lenis favorite cousin husband well tito yes congratulated haha one older cousin close bbm huhu ga leni lutang2 siya poga disappointed surprised im trying convert another cousin mine,2022-05-07 23:54:06,1,,,,,,
lot impression,2022-05-07 23:54:03,0,,,,,,
stop crack useless vp leni elistist watch learn,2022-05-07 23:53:54,55,,,,,,
edi sanaol went lenis makati rally ampotchi ang lapi lapi lng nmn bat didnt allow,2022-05-07 23:53:50,0,,,,,,
going church leni yiiee,2022-05-07 23:53:47,0,,,,,,
turned 1 million reached last night im proud say one stood ground vp lenis meeting de avance,2022-05-07 23:53:43,0,,,,,,
leni win,2022-05-07 23:53:42,1,,,,,,
said didnt become aware sin close eye bbm know belief religion cyst basis people country wake dont know like love want open eye jeng know leni,2022-05-07 23:53:40,2,,,,,,
lol lack understanding tired speaking leni since presscon let leni withdraw said blaming others action ahaay,2022-05-07 23:53:34,7,,,,,,
putanginang hard people novaliches kyusi yesterday bus lenikiko going rally good find way still arrived,2022-05-07 23:53:24,8,,,,,,
scared len hype mom think differently leni,2022-05-07 23:53:20,0,,,,,,
lenis house simple expensive village cheapest property compared presidentiables donated marawi money given election protest rather saving made think open mouth,2022-05-07 23:53:19,131,,,,,,
cry leni,2022-05-07 23:53:17,1,,,,,,
itna protest ki jagah kuxh study kr leni thi,2022-05-07 23:53:03,0,,,,,,
yes leni rag,2022-05-07 23:53:03,3,,,,,,
good luck vp leni,2022-05-07 23:52:56,3,,,,,,
worked know broken fixed,2022-05-07 23:52:27,0,,,,,,
,2022-05-07 23:52:24,1,,,,,,
see ayala mall manila bay full bbmies leni still wearing yellow mask white polo shirt,2022-05-07 23:52:20,0,,,,,,
hahahahahahahaha lenis volunteer say bbm hauling laugh work,2022-05-07 23:52:19,0,,,,,,
happy friend dota2 voted vp leni,2022-05-07 23:52:15,0,,,,,,
goosebump,2022-05-07 23:52:07,0,,,,,,
ready attack vp leni bitter,2022-05-07 23:52:03,6,,,,,,
im already mentally stable didnt cry almost 10 month watched meeting de avance literally cried idk feel really need vp leni scared ever vp leni doesnt win hopefully cant,2022-05-07 23:51:54,0,,,,,,
thanks dignity stand one lenikiko win,2022-05-07 23:51:53,0,,,,,,
aa m mau wrob endorsed vp leni,2022-05-07 23:51:51,0,,,,,,
wont feel leni said read scripted heart,2022-05-07 23:51:47,0,,,,,,
claiming nman eh na tarlac leni jusko gurl wake upyou loser hahahaha len len loser,2022-05-07 23:51:23,0,,,,,,
uncle went ping isko leni yaass,2022-05-07 23:51:22,2,,,,,,
notice lot people breaking law election season yet one worship madumb cant even called expecting chaotic philippine leni win bcos sure rule,2022-05-07 23:51:22,4,,,,,,
way aroundleni upset bebem stronghold,2022-05-07 23:51:18,1,,,,,,
ill breakdown long vp leni defeated,2022-05-07 23:51:16,1,,,,,,
good morning namam taxi driver dd ar marcos apologist hahahaha said philippine going crazy leni many supporter say aquino hahaha,2022-05-07 23:51:05,0,,,,,,
didnt go authority medium investigated hey politician matter give money dont tell c leni pacquiao isko etc dont give story thats dont clean oh,2022-05-07 23:51:04,0,,,,,,
mannygt,Leni fax,2022-05-07 23:51:01,0,,,,,
woke cry dream screaming lenikiko election scary,2022-05-07 23:50:56,1,,,,,,
update sir invented,2022-05-07 23:50:47,1,,,,,,
think gray outline good well darker color,2022-05-07 23:50:44,0,,,,,,
exit poll conducted msms try establish winning trend leni let u vigilant,2022-05-07 23:50:30,0,,,,,,
kpop stan miss era filo kpop stans always arguing first time history united show filipino leni robredo deserves born philippine,2022-05-07 23:50:26,4,,,,,,
cried early morning haha election anxiety real im feeling hopeful leni leader deserve aspire really hope filipino let miss,2022-05-07 23:50:19,0,,,,,,
among lenis child tried snatch valedictorian real valedictorian,2022-05-07 23:50:10,0,,,,,,
died president leni would new president shes vp country wah gago great super iconic pala non ever happened like woman lead country,2022-05-07 23:50:09,0,,,,,,
ta gagi confessed privileged enough register vote first time registered leni generation candidate didnt want waste right vote,2022-05-07 23:50:03,1,,,,,,
leni win study promise hahahaha,2022-05-07 23:50:00,10,,,,,,
god bless mom three daughter godbless filipino people thirst good governance godbless philippine rightful leader lord jesus pray bless leni robredo kiko pangilinan next president vice president,2022-05-07 23:49:59,0,,,,,,
theyre really amazing longer involved hahahaha percentage leni kiko win really place pllss lord mayta indeed,2022-05-07 23:49:58,1,,,,,,
see leader like vp leni robredo let waste together opportunity raise country people,2022-05-07 23:49:55,1,,,,,,
fire face lenikiko,2022-05-07 23:49:45,0,,,,,,
hahahah know lenis supporter ruining image also way act way lied obvious vote choice dont dictate others,2022-05-07 23:49:30,0,,,,,,
im really happy didnt force came final decision pink tt ping isko leni ping isko really end game leni even month may,2022-05-07 23:49:28,0,,,,,,
hahahahaha funny post something antileni call tag respect opinion pls respect dafuq thats vote cocaine addict hahahahaha,2022-05-07 23:49:22,18,,,,,,
turn maam leni character speech candidate last night said last day campaign last whistle destruction hey,2022-05-07 23:49:18,2,,,,,,
let leni lead vote president second choice lacson,2022-05-07 23:49:14,0,,,,,,
pabigat na pisan calling leni porridge bb didnt even graduate high school lazy lazy study,2022-05-07 23:49:11,2,,,,,,
hahahahaha mother leni great artist,2022-05-07 23:49:06,1,,,,,,
leni win ttbe,2022-05-07 23:49:04,10,,,,,,
happy mother day mama leni miss campaign love u,2022-05-07 23:49:02,0,,,,,,
thick face use duterte surname shout leni kiko,2022-05-07 23:48:59,0,,,,,,
artist attended vp leni last night star struck miss u catriona gray anne curtis beautiful,2022-05-07 23:48:56,11,,,,,,
,2022-05-07 23:48:52,0,,,,,,
isko right leni bbm involved life poor let vote isko red pink,2022-05-07 23:48:52,6,,,,,,
really vocal person election support vote forbut im proud say leni,2022-05-07 23:48:19,1,,,,,,
bike hurry home eheheh bike still holding leni light ehehehe,2022-05-07 23:48:12,1,,,,,,
ketamine addict leni kiko,2022-05-07 23:48:09,1,,,,,,
leni may 9th tired abunado volunteer,2022-05-07 23:48:08,1,,,,,,
manny held rally tacloban lenis single poster rtr plaza removed held rally removed thats youre outdone rag,2022-05-07 23:48:07,236,,,,,,
good morning guy attended president lenis advance meeting last night hope safe go home,2022-05-07 23:47:59,0,,,,,,
posted fb l rally laguna picture sen kiko vp leni going post case embarrassed dont permission even posted cousin fb account,2022-05-07 23:47:56,0,,,,,,
luh recounted three time leni gotten better lol mind conditioning,2022-05-07 23:47:54,1,,,,,,
happy mother day vp leni,2022-05-07 23:47:47,0,,,,,,
good morning kakampinksguys dont cry morning guysbut okwe know win thissee u 9 kakampinksgod blessmadam sir kikofrm angeles city,2022-05-07 23:47:45,0,,,,,,
papa mama telling story passing neighbor madam leni voted lt,3 :((,2022-05-07 23:47:44,4,,,,,
luhh take mom boplaks think leni engkantada world magic jusq think like,2022-05-07 23:47:40,0,,,,,,
campaign period end want express utmost gratitude respect volunteer rpc especially youth leni nueva vizcaya awesome although participate h2h campaign proud stand,2022-05-07 23:47:31,2,,,,,,
way leni economy leni grow pinas going lose dhl alm nya pgcompute 4 x 40 1600 want fight president take revenge marcosso bother serve4 x 40 1600 4 x 40 1600 4 x 40 1600,2022-05-07 23:47:29,0,,,,,,
tore duterte streamer someone put using wall back 2016 haha time im proud say dont neighborhood fake news town leni dominates,2022-05-07 23:47:28,3,,,,,,
happy mother day tomorrow let win madam leni robredo,2022-05-07 23:47:23,36,,,,,,
elevator going unit met 2 chilltop boy bbm girl even vp leni doesnt run wont vote even dont vote he one even sister drunk know vote,2022-05-07 23:47:17,1,,,,,,
iskos one vlogger right 8 month enough negate issue thrown vp leni dd bbm vloggers good demolition job leni sad,2022-05-07 23:47:17,1,,,,,,
come sleep wake cry heyy everyone uniting lenikiko,2022-05-07 23:47:15,1,,,,,,
cried lenikiko,2022-05-07 23:47:11,1,,,,,,
papped placard kong haggard leni pasend sakjn hsjahshshshahah,2022-05-07 23:47:08,0,,,,,,
jillrobredo,2022-05-07 23:47:07,0,,,,,,
come family maam leni hmm,2022-05-07 23:47:04,0,,,,,,
anxiety given election 2022 severe like thank vp leni waking filipino let fight filipino philippine,2022-05-07 23:47:03,4,,,,,,
story tell since first time voted 1992 never anything like movement support people initiative camaraderie time came stood vp leniand good thing family stood,2022-05-07 23:46:59,949,,,,,,
happy mother day leni robredo,2022-05-07 23:46:59,0,,,,,,
blengblong supporter one say young people others voter say lenis supporter come back defeated say young people,2022-05-07 23:46:57,1,,,,,,
super excited vote tomorrow proud say first vote leni kiko future female im claiming tip first time voter god bless philippine,2022-05-07 23:46:57,3,,,,,,
yesterday left wallet cashier saying word brother ill leave case think going lenikiko,2022-05-07 23:46:39,0,,,,,,
im literally cry right nowlenikiko win,2022-05-07 23:46:39,4,,,,,,
dad vote leni want vote bbm say vote leni embarrassing huhuhu heart happy leni promised vote,2022-05-07 23:46:32,5,,,,,,
meeting de avance topic leni mayor trying hard relevant super turn,2022-05-07 23:46:30,1,,,,,,
spot mam leni really really,2022-05-07 23:46:23,0,,,,,,
think leni hard time writing concession speech,2022-05-07 23:46:17,0,,,,,,
said leni bobo leni lutang ok lol happy mother day,2022-05-07 23:46:10,0,,,,,,
priest church earlier straight told ppl vote leni started homily dont vote thief gagee yan fatherr love naa respect bravery,2022-05-07 23:46:09,3,,,,,,
funny changed dp lenikiko last wed clan started change dp well 88m lmao,2022-05-07 23:46:00,0,,,,,,
leni robredo 17th president philippine cutie,2022-05-07 23:45:51,1,,,,,,
unfavorite child leni,2022-05-07 23:45:41,6,,,,,,
come papa im going go mom fun hahahh,2022-05-07 23:45:38,0,,,,,,
yall like respect po yall cant accept theyre voting leni instead theyre voting president rest bullying mocking saying insensitive thing happened,2022-05-07 23:45:37,0,,,,,,
gma news parent company pro leni kiko,2022-05-07 23:45:35,0,,,,,,
know vp leni sen kiko win volunteerism see rally today even worse see leadership lot support people carried hope fear,2022-05-07 23:45:35,5,,,,,,
lack sleep lenikiko,2022-05-07 23:45:34,1,,,,,,
seeing tweet lenis mda today terrible lord please let lenikiko,2022-05-07 23:45:31,2,,,,,,
correct found apply self madam leni,2022-05-07 23:45:30,0,,,,,,
im sad heart havent seen vp leni anymore didnt come stage donbelle even though program hmp,2022-05-07 23:45:27,0,,,,,,
lord pls dont want leni best president never pt 2 country hope,2022-05-07 23:45:04,4,,,,,,
leni still want put modernization transportation hold done time think,2022-05-07 23:45:04,0,,,,,,
bbm leni pink red green wrong thought patient health welcome infection sepsis,2022-05-07 23:44:53,0,,,,,,
everyone back home sleep leni haha,2022-05-07 23:44:51,3,,,,,,
walked leni u,2022-05-07 23:44:51,0,,,,,,
love president leni first time entire life concerned election whole people hoping right leader country,2022-05-07 23:44:48,1,,,,,,
dont leni huhuhuhu,2022-05-07 23:44:41,1,,,,,,
happy mother day mom dad sister brother aunt uncle grandma grandpa madam leni,2022-05-07 23:44:39,0,,,,,,
oh cge dont want cry many leni 50 registered meanwhile kay bbm solid voter 90,2022-05-07 23:44:39,0,,,,,,
sayoha pa buntag oy papa seg patukar leni,2022-05-07 23:44:13,0,,,,,,
thats true shown iskotertes event iskoterte nothing throw vp leni fight red yellow,2022-05-07 23:44:00,6,,,,,,
blind boy posted fb supporter bbm cant repeat girl said girl mother saw able speak one child committed suicide teacher leni supporter null justice,2022-05-07 23:43:56,1,,,,,,
family talk leni supporter family brother said college taught u marcos bad least really sin college teach u truth,2022-05-07 23:43:47,2,,,,,,
someone fixture last night area leni kiko tarp almost every post still accross road others quiet leni kiko also knocked gate door,2022-05-07 23:43:46,223,,,,,,
nice ride free think leni win mrt go back normal,2022-05-07 23:43:32,1,,,,,,
solid bbm officemate said voter go lenis rally know almost half registered voter today young people energy rally brought may 9,2022-05-07 23:43:28,8,,,,,,
also want post raised strong woman like leni since mother day today mother bbm,2022-05-07 23:43:26,1,,,,,,
happy birthday sir thanks helping vp leni,2022-05-07 23:43:23,0,,,,,,
leni loses would hated ping isko,2022-05-07 23:43:20,0,,,,,,
wow maam leni marcos jr thats good man,2022-05-07 23:43:12,6,,,,,,
confirms suspected along maybe ran reduce lenis vote bec wasnt criticizing supposed frontrunner doesnt make sense,2022-05-07 23:43:11,72,,,,,,
everybody know created acct support lenikiko since could support using real acct national government employee honor fight,2022-05-07 23:43:11,64,,,,,,
ran away caught parent leni lt,3,2022-05-07 23:43:09,1,,,,,
saw video tiktok duterte endorsed leni speech,2022-05-07 23:43:03,0,,,,,,
got stuck makati last night fine leni,2022-05-07 23:42:57,1,,,,,,
im ready castigate administration soon pres leni soon vp kiko,2022-05-07 23:42:57,0,,,,,,
vote correctly invalidated look happened recounted vp lenis vote 2016 vote longer counted thats 16k careful careful vote counted,2022-05-07 23:42:53,4,,,,,,
haul pay one installed wrong president happens hey poor philippine please let leni kiko,2022-05-07 23:42:48,0,,,,,,
video lenikikos makati meeting de avance giving goosebump,2022-05-07 23:42:41,0,,,,,,
leni win,2022-05-07 23:42:32,0,,,,,,
thank much,2022-05-07 23:42:31,0,,,,,,
leni win really cry bbm tangina moo,2022-05-07 23:42:27,0,,,,,,
cried lot last night especially vp leni thanked everyone h2h,2022-05-07 23:42:11,1,,,,,,
let go leni,2022-05-07 23:42:04,0,,,,,,
got home good morning everyone proud self happy part 9500 people last night last campaign rally mami leni much fun philippine let vote wisely,2022-05-07 23:41:58,2,,,,,,
even dont sleep leni win,2022-05-07 23:41:55,4,,,,,,
strength bbm provoke leni isko comment post wife get upset delete post engaging discussion candidate fight last time told he full clout,2022-05-07 23:41:54,14,,,,,,
potangina lenikiko cry 6 year,2022-05-07 23:41:50,0,,,,,,
mom loren legarda challenge mommy issue madam leni,2022-05-07 23:41:48,1,,,,,,
yes hubaderos leni,2022-05-07 23:41:47,0,,,,,,
good morning ulet leni kiko,2022-05-07 23:41:46,1,,,,,,
president leni amp, vice president kiko üå∑ i-claim na natin 'yan,2022-05-07 23:41:44,0,,,,,
dont waive im sure company leni,2022-05-07 23:41:41,187,,,,,,
let reverse im reverse used like leni 2016 hate bbm really dont like marcos either today case im anyone leni hate leni bbm anyway respect choice hope respect mine reason,2022-05-07 23:41:30,0,,,,,,
uncle q bbm even 9yrs old cousin really teased leni porridge bc favor madam funny kid still brain compared forty still swallow,2022-05-07 23:41:25,0,,,,,,
good morning grab driver said leni tayo maam leni tayo saw tarp gate,2022-05-07 23:41:17,7,,,,,,
difference duterte wasnt target massive disinformation could people searching lenis edited misleading video hope wrong,2022-05-07 23:41:12,177,,,,,,
among appointed official responsible tomorrow big event duterte even related marcos dont believe prrd really gonna ensure clean fair election never trust word he always lying hope time real,2022-05-07 23:41:08,1,,,,,,
im little worried might happen tomorrow comelec failing gain trust time imagine vehicle use deliver material election tomorrow uniteam tarp worrying add,2022-05-07 23:41:07,1,,,,,,
ahh hoping leni win huhu,2022-05-07 23:40:59,0,,,,,,
relax leni win please hug friend let realize made best choice country,2022-05-07 23:40:56,0,,,,,,
haha mama leni contagious,2022-05-07 23:40:55,0,,,,,,
dont vote leni pay attention fake,2022-05-07 23:40:50,1,,,,,,
dad cute he super excited lenis victory party asked take leave advance go together please philippine wise,2022-05-07 23:40:41,12,,,,,,
leni even compared zelensky guy really laughing,2022-05-07 23:40:35,0,,,,,,
happy mother day single mom like mama vp leni sen risa salute,2022-05-07 23:40:23,5,,,,,,
hey found vp leni phone hide,2022-05-07 23:40:22,0,,,,,,
like believed lenikiko tandem love philippine need reclaim country need leader truly trust im proud even though im simple citizen part continue support complete 6 year,2022-05-07 23:40:16,88,,,,,,
desired order government peaceful future let go lenikiko tomorrow,2022-05-07 23:40:06,0,,,,,,
cry early morning seeing highlight vp lenis campaign,2022-05-07 23:40:04,3,,,,,,
lenikikos mda yesterday mostly twitter open noticed,2022-05-07 23:39:55,0,,,,,,
noisy leni,2022-05-07 23:39:53,2,,,,,,
people madam leni sir kiko trust,2022-05-07 23:39:41,1,,,,,,
good morning whats official count bbm leni isko rally,2022-05-07 23:39:37,0,,,,,,
according sister solid dutertard lbm supporter hate leni white dog say better chinese dog least asian many asian country dont know china still hate cppnpa model country chinese communist party brain,2022-05-07 23:39:31,0,,,,,,
busy shift earlier omg great watching clip series video lenikiko wow lord hope pink troop win monday,2022-05-07 23:39:27,4,,,,,,
woman wont leni sit seat malacaang slay madam,2022-05-07 23:39:25,0,,,,,,
good news neighbor solid 88m said accepted 500 candidate course vote female gov including leni sharing fb work,2022-05-07 23:39:22,0,,,,,,
hatred bullying mockery lenis classmate despair knowing bbm next president slowly killing,2022-05-07 23:39:08,2,,,,,,
thank anne curtis showing full support vp leni amp, sen kiko meeting de avance. Gobyernong tapat angat buhay Lahat. Ipanalona10toüôèüå∏‚ô•Ô∏èüáµüá≠,2022-05-07 23:38:57,1,,,,,
one every rally one heard every promise platform project hope one convinced service offered lenikiko tandem real cant even announce publicly hope vote look,2022-05-07 23:38:54,4,,,,,,
take care vote leni sure confirmed cheater toxic people supporter im sure survey fake 58 marcos jr real survey leni robredo counted ofw kakampink joining around world,2022-05-07 23:38:53,0,,,,,,
leni lawyer economist public servant chicken egg,2022-05-07 23:38:50,0,,,,,,
wishing happy mother day insult maam leni good mother pure mother wish coconut eneweys happy mudrakels dei,2022-05-07 23:38:47,0,,,,,,
one hour sleep think happen monday im losing hope lenikiko win yes made decision hahaha,2022-05-07 23:38:41,0,,,,,,
ill go home leni president,2022-05-07 23:38:32,7,,,,,,
floating c leni like,2022-05-07 23:38:22,0,,,,,,
woke immediately thought go lenikiko victory party,2022-05-07 23:38:17,0,,,,,,
hahahahaha aunt never even opened book lenis reference parent chiismis gullible,2022-05-07 23:38:11,1,,,,,,
vp leni threatened arent 24,2022-05-07 23:38:07,0,,,,,,
even mainstream medium news watch effect e maybe change style apple photo ops destructive others might like 2016 also bet,2022-05-07 23:38:01,0,,,,,,
sir dormiendo become teacher leni,2022-05-07 23:37:38,0,,,,,,
returning home leni,2022-05-07 23:37:26,1,,,,,,
undecided long time ping lacson one chose vote president became undecided know vote may 9,2022-05-07 23:37:24,8,,,,,,
mau saldo dana kak semoga lancar rejekenya,2022-05-07 23:37:16,0,,,,,,
manifesting president leni robredo cutiee,2022-05-07 23:37:12,0,,,,,,
happy mother day everyone except mom say leni chance winning shes girl,2022-05-07 23:37:11,0,,,,,,
sleepless leni kiko,2022-05-07 23:37:09,0,,,,,,
let leni,2022-05-07 23:37:04,0,,,,,,
oh,2022-05-07 23:37:02,0,,,,,,
grandfather switching bbm leni bbm pacquiao least marcos jr despite one marcos guard,2022-05-07 23:36:57,10,,,,,,
lyag leni gt,&gt,&gt, Busina and Walk For LeniKiko &gt,&gt,&gt, Miting de Avance Watch Party üå∑  Pero bangon gihapon kay duty today!!! ‚úäüèº,2022-05-07 23:36:52,2.0
listen leni said interview fake news,2022-05-07 23:36:50,0,,,,,,
sure leni giving away,2022-05-07 23:36:44,0,,,,,,
happy mother day mama leni dont feel itchy heart join u fight great love concern country love fight fight every filipino let win,2022-05-07 23:36:44,0,,,,,,
philippine philippine win let leni win,2022-05-07 23:36:35,0,,,,,,
leni start one saying negative thing campaign shes fake,2022-05-07 23:36:30,0,,,,,,
leni kiko win relax,2022-05-07 23:36:24,4,,,,,,
he god boy,2022-05-07 23:36:22,1,,,,,,
wonder vp leni dog,2022-05-07 23:36:18,2,,,,,,
asked receive 1k attending mda coworker said receives people attend lenis rally need proof paid stand future people,2022-05-07 23:36:13,1,,,,,,
4 x 40 1600 island philippine 1700me kcstupid kc c leni,2022-05-07 23:36:01,0,,,,,,
battery pack caught fire good still recovered maybe tired going around ayala anyway drone served well show filipino massive vp lenis event,2022-05-07 23:35:47,14,,,,,,
please pray kiko pangilinan win next vice president philippine leni robredo win next president philippine jesus name,2022-05-07 23:35:42,0,,,,,,
proud say 1 7500 people lenis meeting de avance,2022-05-07 23:35:41,1,,,,,,
thank gab beginning end initiate energy crowd still lssed lenikiko chant know proud happy mother day greet happy mother day,2022-05-07 23:35:41,3,,,,,,
manifesting leni sunbaenim 2nd win tomorrow,2022-05-07 23:35:28,1,,,,,,
day 89 prayer philippine election 2022 lord please let good qualified people win presidential vice presidential seat let madam leni robredo sir kiko pangilinan win thru intercession virgin mary claiming jesus name amen,2022-05-07 23:35:13,2,,,,,,
afam leni made laugh sshshshshskakakaka,2022-05-07 23:34:41,0,,,,,,
lenis campaign miss era much,2022-05-07 23:34:35,5,,,,,,
trust sharlenes choice im choosing leni bcoz shar im choosing bcoz shes less evil candidate im wrong wont tolerate ill stand nation sake president vp leni dont break trust,2022-05-07 23:34:34,0,,,,,,
there nothing wrong preferred candidate thats right many friend voting leni see posting like post like focus voting vp leni like db,2022-05-07 23:34:25,0,,,,,,
thank vp leni giving u reason fought fought continue fight p never thought would wearing much pink age,2022-05-07 23:34:04,0,,,,,,
,2022-05-07 23:34:02,0,,,,,,
liar said plan run president lot anger towards liar,2022-05-07 23:33:54,0,,,,,,
president robredo vice president pangilinan,2022-05-07 23:33:51,0,,,,,,
turn 8 people allowed campaign removed lenikiko frame hashhsaasashss,2022-05-07 23:33:24,1,,,,,,
comelec silent,2022-05-07 23:33:23,0,,,,,,
someone tell,2022-05-07 23:33:14,4,,,,,,
yes love slayy,2022-05-07 23:33:05,0,,,,,,
fast malobat kakaml leni,2022-05-07 23:32:55,0,,,,,,
lord let vp leni win u,2022-05-07 23:32:29,0,,,,,,
people pray leni,2022-05-07 23:32:26,0,,,,,,
crowd solid last night leni kikos meeting de advance,2022-05-07 23:32:11,0,,,,,,
lenis manga hacker ready big,2022-05-07 23:32:10,0,,,,,,
leni moved bbm rudeness front chapel,2022-05-07 23:31:58,1,,,,,,
respect everyone themyou laugh nothing lenikikos platform imaginary hater make fun lenikiko matic unfriend crooked answer nothing left matic unfriend hehe,2022-05-07 23:31:45,6,,,,,,
nayshshashhahaha child said leni lugaw please hold mg beh morning,2022-05-07 23:31:41,0,,,,,,
thank everyone stood know filipino still hope leni kiko troop dont win im sure next time stand filipino still worth fighting,2022-05-07 23:31:34,0,,,,,,
dumb reason wont vote leni,2022-05-07 23:31:27,0,,,,,,
context household atmosphere really getting intense doesnt help every move make look leni went home tired around 1 first thing delete photo last night mda know hidden feature,2022-05-07 23:31:15,1,,,,,,
yes also voter know many young people voter leni yet 18 year old wahahaha,2022-05-07 23:31:12,0,,,,,,
congratulation m mom thank uniteam evil stopped one one vp leni win,2022-05-07 23:31:01,3,,,,,,
hope sends message marcos campaign one need cheat leni kiko win pulse asia theyre touch,2022-05-07 23:30:48,1,,,,,,
hope next time return makati professional leni kiko charge country,2022-05-07 23:30:44,14,,,,,,
someone asked im voting told leni robredo literally said giatay man diay ka war freak sister gurl hahahahahaha,2022-05-07 23:30:41,8,,,,,,
gravihas meeting de avance ni leni oy let asap,2022-05-07 23:30:34,2,,,,,,
side note hope leni fucking win rather pls,2022-05-07 23:30:33,0,,,,,,
gosh sister dick hahaha watched signed l heheh said time government honest everyone life skl,2022-05-07 23:30:28,2,,,,,,
support mother leni ayeeii heart stealer c bbm,2022-05-07 23:30:06,0,,,,,,
leni family bbm,2022-05-07 23:29:48,0,,,,,,
right hashtag kakampink leni pls even hashtag bbm eye tired every time open social medium see first,2022-05-07 23:29:15,0,,,,,,
really way around know natural jr wave image kunyare thats ace defiled remember telling truth defamation,2022-05-07 23:29:03,2,,,,,,
please let leni lead huhu,2022-05-07 23:28:52,0,,,,,,
going home limp headache leni,2022-05-07 23:28:40,0,,,,,,
shar proj ab shes supporting leni good governance station sadly yes different opinion choosing president based opinion choose right one try consider side listened bbyms side really,2022-05-07 23:28:15,0,,,,,,
leni im fighting,2022-05-07 23:28:08,0,,,,,,
happy mother day mom aunty grandmother cousin friend mom also happy mother day vp leni,2022-05-07 23:28:05,3,,,,,,
elys fault tweeted sensible president leni,2022-05-07 23:27:56,0,,,,,,
sorry im 34 year old ive registered long time see almost young people voter mother lenis rally admit fake news 50 registered noise,2022-05-07 23:27:47,0,,,,,,
cry leni gt,,2022-05-07 23:27:46,3,,,,,
thank much vp leni bravely standing goodness truth people happy mother day bless make people win,2022-05-07 23:27:25,0,,,,,,
jgh omg grand rally super solidyy,2022-05-07 23:27:16,3,,,,,,
miss made account support vp leni team hope time twitter meaningful love love country let focus regardless happens election,2022-05-07 23:27:09,7,,,,,,
leni lost kiko lost majority stand bbmsara right choice,2022-05-07 23:27:08,0,,,,,,
lot people pretend neutral bashed hopefully poll vp leni kiko also,2022-05-07 23:26:55,2,,,,,,
sorry legit cried leni kiko rally vids,2022-05-07 23:26:49,1,,,,,,
story time relative bbm first leni relative thats right vote right vision philippine right vision condemn killing npa cppnpandf front meeting lenis rally cricket sound,2022-05-07 23:26:48,52,,,,,,
inday sarah barong statement must driving yellowpink nut sleepless pity im sure feeling stress anxiety failing deliver crown hail leni failing recover political throne entitlement,2022-05-07 23:26:35,3,,,,,,
happy mother day mam leni tomorrow give gift win lose love whole family,2022-05-07 23:26:23,0,,,,,,
vote pres leni,2022-05-07 23:26:20,0,,,,,,
true leni may good person afraid behind say angat buhay lahat year power lp cohort progress trickle thats lp hard win rich get richer poor remain poor,2022-05-07 23:26:14,3,,,,,,
love ian lenikiko really fromis,2022-05-07 23:26:09,2,,,,,,
thing happened naga never left vp leni done,2022-05-07 23:25:53,13,,,,,,
funny tweeter leni tiktok bbmsara whats heart philippine,2022-05-07 23:25:46,0,,,,,,
ayo kita tunggu plot twistnya akan seperti apa,2022-05-07 23:25:42,0,,,,,,
plus voting lenikiko pajud haha apologist,2022-05-07 23:25:30,0,,,,,,
yes fact rich friend marcos crony sister boyfriend one biggest marcos apologist leni never forget video kadiri jowa ni jasmine good thing anne took stand became brave,2022-05-07 23:25:21,4,,,,,,
walk beginning guadalupe 1 hour hunger pain foot body prepared leni fight,2022-05-07 23:25:19,1,,,,,,
uff gute besserung,2022-05-07 23:25:12,1,,,,,,
bbm relative saw public post supporting vp leni pming one one oh naurr,2022-05-07 23:24:57,11,,,,,,
well said,2022-05-07 23:24:51,0,,,,,,
line start afams leni,2022-05-07 23:24:45,2,,,,,,
early morning debated family fight president leni robredo,2022-05-07 23:24:39,0,,,,,,
leni cheated dont put jail hahahahahqhqhqhq maybe evidence lolz,2022-05-07 23:24:32,0,,,,,,
leni,2022-05-07 23:24:32,0,,,,,,
yes solid leni first destroyed prrd tokhang lot dd repay prrd lutang,2022-05-07 23:24:15,0,,,,,,
happy mother day pres lenny,2022-05-07 23:23:57,3,,,,,,
raised sack full water leni,2022-05-07 23:23:53,0,,,,,,
leni motherland motherland pink,2022-05-07 23:23:53,1,,,,,,
never vote leni u,2022-05-07 23:23:49,0,,,,,,
tomorrow matter vote leni amp, Kiko is a step towards the future we aspire for our children! üíóüå∏ü´∂   #PilipinasIsPink  #LeniKiko2022  #LeniKikoAllTheWay2022,2022-05-07 23:23:49,12,,,,,
cried watching video meeting de avance last night hope vp leni sen win kiko lord take care upcoming election let care country win,2022-05-07 23:23:38,0,,,,,,
thick playerssir arnel ignacio leni kiko,2022-05-07 23:23:28,3,,,,,,
un almost half go mother leni ndo registered tpos kay bbm 90 vote solid haha,2022-05-07 23:23:26,1,,,,,,
hair rising time im cry genuineness vp leni people huhu win,2022-05-07 23:23:22,0,,,,,,
let respect tonis decision respect kind criticism doesnt help vp leni,2022-05-07 23:23:18,16,,,,,,
let go home afternoon im vp leni sen kiko,2022-05-07 23:23:18,4,,,,,,
gonna playing leni kiko playlist otw grad shoot ty listening meet,2022-05-07 23:23:04,0,,,,,,
hahahahaha almost feverish leni huhuhuhu,2022-05-07 23:23:04,0,,,,,,
happy mother day forthcoming president republic philippine excellency leni robredo mother world,2022-05-07 23:22:53,0,,,,,,
lord please give leadership philippine leni tomorrow,2022-05-07 23:22:50,2,,,,,,
christmas tree lenikiko,2022-05-07 23:22:46,0,,,,,,
bbm saman came lot people attended watched support leni also based saw child wait there almost young people 1017 want vote bbm mostly adult especially senior,2022-05-07 23:22:45,0,,,,,,
banda darmozjadw leni mierdzcych mascara,2022-05-07 23:22:44,1,,,,,,
felt,2022-05-07 23:22:39,0,,,,,,
cried much morning video watched vp leni respect others vote im leni,2022-05-07 23:22:37,1,,,,,,
ab shadi kar leni chahye,2022-05-07 23:22:30,0,,,,,,
sorry hard bring home bias leni hahahshshsh,2022-05-07 23:22:29,1,,,,,,
blue whale khel leni chaiye thi,2022-05-07 23:22:28,20,,,,,,
hahahahaha good judge people hahaha pride high thought pinklawans educated word educated respect angry vp leni supporter insult building worship,2022-05-07 23:22:26,0,,,,,,
lenikiko tom im gon throw hand,2022-05-07 23:22:26,1,,,,,,
trust first vp leni elected im going watch every move going number one critic,2022-05-07 23:22:24,6,,,,,,
look like tired yesterday cry episode today thats leni kiko,2022-05-07 23:22:20,1,,,,,,
meltdown besties talked leni leody situation tbh would voted need right someone protect democratic space allow people like ka leody represent u future leni person,2022-05-07 23:22:12,8,,,,,,
ig story leni e maltman famous ig lbm supporter among follower,2022-05-07 23:22:01,0,,,,,,
rewatching touching moment meeting de avance sobbing especially vp lenis part really hope im right side history,2022-05-07 23:21:51,0,,,,,,
9pm thats shot hahaha amputa accept one million attend many bus pampanga cavite tarlac drone pilot photographer really good,2022-05-07 23:21:46,0,,,,,,
enough reason reject family leni porridge deeper case drawn pink one course parent side thief done nothing platform thats even embarrassing bbm even shocking,2022-05-07 23:21:30,0,,,,,,
bkt nmn ii edit time edit anymore hahaha thats people leni siksikans rally rally social distancing ok paid free ride neglected walked attend charge,2022-05-07 23:21:22,0,,,,,,
almost couldnt go home leni,2022-05-07 23:21:18,0,,,,,,
cyberbullying still bullying thats wrong never right dont associate politics vp leni nothing bullying took place mark bully,2022-05-07 23:21:11,0,,,,,,
maybe try following proleni page site dont get hate literally coming term behavior alone many people rougher attitude think shes offensive especially youre anything wrong,2022-05-07 23:20:58,0,,,,,,
let leni lead doc tricia,2022-05-07 23:20:55,2,,,,,,
whose survey survey expect result right leni going thats survey used false asia hahaha,2022-05-07 23:20:53,3,,,,,,
like throw tantrum rally presscon obsessed much vp leni,2022-05-07 23:20:48,0,,,,,,
vp leni elected critic,2022-05-07 23:20:46,0,,,,,,
unity people leni kiko,2022-05-07 23:20:42,0,,,,,,
allergic rhinitis attack lenikiko,2022-05-07 23:20:40,0,,,,,,
leni kiko win crowd number twitter trend google trend view rally leni,2022-05-07 23:20:27,1,,,,,,
liker lenirelatedmyday leni hahahaha anyway forget something,2022-05-07 23:19:59,0,,,,,,
need vp leni spend lot money firework help people need volunteer contribute rally cant even reach 100k tweet twitter youre lot troll,2022-05-07 23:19:59,0,,,,,,
please look please help philippine prevent vote buying dont sell everyones future mercy dont repeat past leni robredo president kiko pangilinan vice president,2022-05-07 23:19:54,0,,,,,,
huhu pres leni vp kiko cuties,2022-05-07 23:19:49,0,,,,,,
im maam work immigration said filipino still choose marcos said talk work filipino stupid stupid choosing president said stood vp leni,2022-05-07 23:19:49,1,,,,,,
vp leni declared would run president mda course also went one look forward known,2022-05-07 23:19:41,27,,,,,,
love vp leni thank bringing hope,2022-05-07 23:19:40,0,,,,,,
greatee want win leni ive experienced poor dont want sleep thinking much generation hard filipino maybe made right decision courage go another country praying god,2022-05-07 23:19:18,0,,,,,,
philippine good hand vp leni,2022-05-07 23:19:15,0,,,,,,
tp leni robredo president inday sara vp said ready printing date time omg sad true,2022-05-07 23:18:56,0,,,,,,
yes thats suck hope itll get better soonpiercings bitchy af jfkgk,2022-05-07 23:18:49,0,,,,,,
leni robredo president cutie,2022-05-07 23:18:47,0,,,,,,
good,2022-05-07 23:18:38,0,,,,,,
assumed grace poe endorse leni haha shes silent shes neutral haha,2022-05-07 23:18:22,3,,,,,,
vice president leni dont worry tomorrow shoot,2022-05-07 23:18:18,0,,,,,,
papa solid bbm im still vp leni son bbm leni,2022-05-07 23:18:16,6,,,,,,
anxiety election great know marcoses play dirty ensure vote safe watcher leni,2022-05-07 23:18:13,11,,,,,,
desprezvel pq prefere ver brasil na merda que votar lula novamente segundo turno,2022-05-07 23:18:01,1,,,,,,
please lord father give present leni win fleece,2022-05-07 23:17:57,4,,,,,,
solid bbmsara wife lenikiko simply tfc fanatic tease respect one choice wont disown respect word may 9 make coffee hard,2022-05-07 23:17:48,11,,,,,,
even 2 3 screen near stage lose audio sometimes video crowd shouting sound system first fixed 2nd 3rd time especially leni speaking sound disappeared forever disconnect flow prog oh well,2022-05-07 23:17:44,2,,,,,,
please let leni win,2022-05-07 23:17:43,0,,,,,,
asked mama could talk parent friend wanted go lenikiko mda yesterday friend wanted come adopt day thankfully friend parent decided go mda ive never proud,2022-05-07 23:17:41,1,,,,,,
mom said rally ok said wasnt really full many vacancy dark best friend wife lenis side said really isnt tree thats mine took fund spend much,2022-05-07 23:17:39,3,,,,,,
cabbie asking im voting tomorrow im really mood talk tell leni say making rest ride much easier,2022-05-07 23:17:38,39,,,,,,
saw vpleni cry remembered mom cried,2022-05-07 23:17:31,0,,,,,,
leni one im going vote tomorrow,2022-05-07 23:17:19,0,,,,,,
let leni lead,2022-05-07 23:17:12,0,,,,,,
soo scrolled long time fb today boring read fake news vp leni pls lord hope win,2022-05-07 23:16:57,0,,,,,,
hope also know fromis lending helicopter vp leni time support companya lot help,2022-05-07 23:16:54,111,,,,,,
final testing machine tomorrow total 10 u tested voted whether machine okay defect bos chairman tallying lenikiko tropang angat voted like,2022-05-07 23:16:27,3,,,,,,
cried leni kiko give,2022-05-07 23:16:24,0,,,,,,
miss universe actually lenis vote stupid gossip,2022-05-07 23:15:54,1,,,,,,
god bless vp leni,2022-05-07 23:15:30,0,,,,,,
tear akes every time see vp leni also tear,2022-05-07 23:15:23,0,,,,,,
lord give one lead make win mam leni sir kiko,2022-05-07 23:15:18,0,,,,,,
let leni kiko leave,2022-05-07 23:15:16,0,,,,,,
two pink prayer praying leni win could pray peace philippine unityyou praying candidate one want sit get revenge dutertes marcostsk tsk,2022-05-07 23:15:12,0,,,,,,
chika chika mama connection politics incumbent congresswoman bbm supporter biased towards u strong candidate ticket leni supporter dasurv kfnsksnsj,2022-05-07 23:15:05,1,,,,,,
happy mother day hope gift vp leni receives win,2022-05-07 23:15:04,5,,,,,,
lenis child,2022-05-07 23:14:58,0,,,,,,
watching ig story friend attending meeting de avance please lord let lenikiko election winnerss coz hungry good governancee,2022-05-07 23:14:46,9,,,,,,
thats logic left bopols teacher air making fun lutang better vote leni,2022-05-07 23:14:39,0,,,,,,
leni win cppnpandf ally,2022-05-07 23:14:30,0,,,,,,
vp leni loses one lose filipino continue serve country u idk condition im claiming good governance,2022-05-07 23:14:13,1,,,,,,
hnnghh cute marco yell kiko 2 year old doesnt know whether choose candidate,2022-05-07 23:14:12,1,,,,,,
happy birthday sherwin thank supporting vp leni sen kiko,2022-05-07 23:14:08,1,,,,,,
thanks joy ill spirit leni victory party,2022-05-07 23:13:54,0,,,,,,
want say proud brother wife even inc would vote leni,2022-05-07 23:13:48,8,,,,,,
im happy voted want leni win,2022-05-07 23:13:43,1,,,,,,
happened saf 44 vp lenis fault,2022-05-07 23:13:41,0,,,,,,
im going post anymore haha b b shared post,2022-05-07 23:13:30,0,,,,,,
leni igdis poster albay cutie korean look hahaha good morning,2022-05-07 23:13:26,0,,,,,,
good mother also lenikiko happy mother day,2022-05-07 23:13:19,1,,,,,,
onion last day election leni seeing kakampinks last lenikiko posting fb make teary eyed volunteer thanking reminiscing rally memory worth pink let win,2022-05-07 23:13:02,1,,,,,,
im sorry tiktoks fyp leni daga,2022-05-07 23:13:01,1,,,,,,
scolded leni,2022-05-07 23:12:52,1,,,,,,
know many lenikiko voter able join,2022-05-07 23:12:51,7,,,,,,
showed pic dad lenis rally baguio said wow straight face,2022-05-07 23:12:48,0,,,,,,
leni,2022-05-07 23:12:46,0,,,,,,
let goo leni marcos,2022-05-07 23:12:42,3,,,,,,
fastforward leni presidency,2022-05-07 23:12:27,5,,,,,,
dont fooled drawing enough lenis name punched pierce pen sure smarter smartmatic remember shade 7 pierce 10 vp,2022-05-07 23:12:22,0,,,,,,
leni kiko win election,2022-05-07 23:12:20,0,,,,,,
kudos lenikiko volunteer organizer thank much,2022-05-07 23:12:15,4,,,,,,
leni cutie kiko cutie,2022-05-07 23:12:14,1,,,,,,
true leader liar mike enriquezs interview said wont run president he ambitious president even doesnt capacity,2022-05-07 23:12:14,0,,,,,,
viviems supporter make noise lenikikos page dont page thats spread,2022-05-07 23:12:04,1,,,,,,
really cry leni win,2022-05-07 23:11:58,0,,,,,,
im voter yet saw pipays trending hope dont use god fight leni bbm supporter instead encouraging people go church stop hey nakoo,2022-05-07 23:11:54,0,,,,,,
first time join political related rally yesterday im proud leni kiko,2022-05-07 23:11:44,1,,,,,,
leave leni amp,. Kiko,2022-05-07 23:11:42,15,,,,,
mene side kiun leni,2022-05-07 23:11:32,0,,,,,,
lord please give philippine let leni kiko win,2022-05-07 23:11:31,7,,,,,,
happy mother day vp leni love,2022-05-07 23:11:21,0,,,,,,
feel good back albay lenikiko energy soo hot,2022-05-07 23:11:10,2,,,,,,
lord let leni lead,2022-05-07 23:11:08,86,,,,,,
youre deviating topic hahaha please look receipt vp lenis program see change topic haruuy lavaad,2022-05-07 23:11:05,0,,,,,,
god bless leni kid,2022-05-07 23:10:55,3,,,,,,
happy mother day mommy leni,2022-05-07 23:10:47,6,,,,,,
sleep leni,2022-05-07 23:10:34,1,,,,,,
new convert lenikiko,2022-05-07 23:10:29,0,,,,,,
spent last day campaign period campaignig lenikiko laurrl high wood inside road back pickup jad speaker w face fire heart full hope better brighter future,2022-05-07 23:10:28,0,,,,,,
happy mother day leni robredo,2022-05-07 23:10:06,0,,,,,,
im worried cousin might bring leni say hajahhsha,2022-05-07 23:09:58,0,,,,,,
danger jesus word sinned cast first stone leni binilin always state grace state say thing like pipay said question maybe beat cest la vie,2022-05-07 23:09:52,1,,,,,,
say leni,2022-05-07 23:09:49,0,,,,,,
watch party kgbi leni amp, Kiko!!!!! ü•∞‚ù§,2022-05-07 23:09:42,1,,,,,
aww also saw legazpi twin vp lenis rally franchise talk franchise gma artist vps rally always watch artist side leni lol patient artist,2022-05-07 23:09:28,12,,,,,,
dad shaming support leni least im like go church vote thief,2022-05-07 23:09:21,7,,,,,,
let make choice proud tell child childrens child choose good choose life choose lenikiko,2022-05-07 23:09:18,3,,,,,,
one many reason leni lose election,2022-05-07 23:09:06,0,,,,,,
yes ty mwah,2022-05-07 23:09:05,1,,,,,,
leni leaning huhuhu,2022-05-07 23:08:54,0,,,,,,
poisoned duty leni,2022-05-07 23:08:52,0,,,,,,
leni win wont jojowa year,2022-05-07 23:08:49,5,,,,,,
bading lenikiko,2022-05-07 23:08:43,1,,,,,,
right dont miss lenis name circle circle next bb em sarah name,2022-05-07 23:08:41,0,,,,,,
hello friend novena prayer rosary guide special intention vp leni please ask copy,2022-05-07 23:08:32,6,,,,,,
feel youre one take easy best believe leni,2022-05-07 23:08:31,0,,,,,,
nothing say used look,2022-05-07 23:08:28,0,,,,,,
good morning people awake leni,2022-05-07 23:08:27,0,,,,,,
ok leni lose dont let veveem win,2022-05-07 23:08:26,0,,,,,,
one single small step lead long journey go go leni destined become president republic philippine bring dictator son knee,2022-05-07 23:08:20,2,,,,,,
year happened mine cleaning didnt make better used tea tree oil morning evening like 1 2 week completely healed since,2022-05-07 23:08:04,0,,,,,,
,2022-05-07 23:08:03,3,,,,,,
prankster leni,2022-05-07 23:08:01,1,,,,,,
leni bagsak marcos told u overthrow bbm cheated lied,2022-05-07 23:07:52,0,,,,,,
pls im excited election hahahaha leni win pls pls,2022-05-07 23:07:49,0,,,,,,
leni hard sell worse realize made wrong choice impact career,2022-05-07 23:07:44,0,,,,,,
realized attending vp lenis meeting de avance bragging true giving food vibing people medic response etc,2022-05-07 23:07:41,1,,,,,,
people tarlac got dragged bus hahahahahahah leni paden,2022-05-07 23:07:41,11,,,,,,
ill def gonna miss posting leni,2022-05-07 23:07:39,1,,,,,,
final speech bongbongs campaign message hate final word vp lenis speech hope,2022-05-07 23:07:22,1,,,,,,
loner lenikiko,2022-05-07 23:07:21,1,,,,,,
omg samee cant explain dreamed everything pink last night go sleep even singing rose light dark head dont know handle anxiety next day praying handle leni win,2022-05-07 23:07:14,1,,,,,,
bbm idiot want country hand moron like leni,2022-05-07 23:07:12,22,,,,,,
first hoons standee hees standee really leni hahahahaha,2022-05-07 23:07:10,0,,,,,,
,2022-05-07 23:07:02,0,,,,,,
lost hope philippine past 6 year also left country leni kiko win heartbreaking give hope know something good look forward,2022-05-07 23:06:55,2,,,,,,
filipino must realize poor tired 3rd world rampant corruptionpoliticians happy isko bbm leni bring significant change becuz politician reform rotten system source power wealth 20283440 still like,2022-05-07 23:06:54,0,,,,,,
given payb hundred leni,2022-05-07 23:06:53,0,,,,,,
im nervous tomorrow election philippine hope leni robredo win,2022-05-07 23:06:50,0,,,,,,
stay strong brad next inauguration pres leni,2022-05-07 23:06:36,0,,,,,,
bwahahaha right,2022-05-07 23:06:29,2,,,,,,
blind child also bullied kkampink parent immediately saw comment mother father immediately spoke,2022-05-07 23:06:20,1,,,,,,
lenikiko pleaser,2022-05-07 23:06:14,3,,,,,,
next time alfred lol see rv con rv event hope leni kiko pres vp,2022-05-07 23:06:13,1,,,,,,
leche chat youre way home didnt get shirt trixie got anxious leni kiko,2022-05-07 23:05:58,0,,,,,,
become promathematicians try find percentage leni monday,2022-05-07 23:05:53,0,,,,,,
proud friend family campaigned maam leni hope win,2022-05-07 23:05:51,2,,,,,,
tea tree oil helped,2022-05-07 23:05:44,0,,,,,,
im also cry troll fighting pink one bashing vp leni dont even get look u look made plus im cry im one family stood vp said stand someone stand next,2022-05-07 23:05:40,0,,,,,,
option 1 like aquinos led 2 like marcos led leni bbm dont know anything history socmed source mother read book,2022-05-07 23:05:39,0,,,,,,
potaena cousin also stood went vp lenis rally funny many u family believe loyal government uplift life,2022-05-07 23:05:35,1,,,,,,
yep carbon trudeau want reduce poor sick disabled elderly fn top priority jab government care pretty sure jab take care sterilizing many course puberty blocker kid surgery already,2022-05-07 23:05:29,1,,,,,,
god made leni runaway winner,2022-05-07 23:05:04,0,,,,,,
proud mama leni even international news praised transparency hardworking,2022-05-07 23:05:01,1,,,,,,
laughed afams leni hahahaha,2022-05-07 23:04:57,0,,,,,,
truth tell official confirmed bbm president cheated sw survey wrong 58 kababayan ofw absentee voting must counted leni kiko vote 23 turn 60 let bbm called new pink color tomorrow,2022-05-07 23:04:32,0,,,,,,
people really dont like leni even wife initially didnt like varying reason isko ping oh well perspective changed shes ok u thats life really like well vote anyone except marcos,2022-05-07 23:04:28,0,,,,,,
best wish president leni,2022-05-07 23:04:24,0,,,,,,
mother left morning mda brought gv last night veeps dead mother lenis influence great hahahah,2022-05-07 23:04:19,0,,,,,,
brain president leni robredo vice president kiko pangilinan honest government life leni kiko leni kiko leni kiko light diliimm flag flag cant hear nothing sound system,2022-05-07 23:04:15,7,,,,,,
050722 ill leave leni loses post fb dont regret standing right know like people like fought candidate lost country,2022-05-07 23:04:11,0,,,,,,
indeed hearing leni kiko senatorial slate reassured u last night wiped fear indeed god grace u message clear last night,2022-05-07 23:04:05,2,,,,,,
said kakampink said 1 million dense still hole haha hello 30 hectare much compared lenis area small road 4 hectare say 750k,2022-05-07 23:04:05,6,,,,,,
lord god leni robredo president please,2022-05-07 23:04:04,0,,,,,,
thank vp leni revived profilipino feeling u long live president,2022-05-07 23:03:56,0,,,,,,
dumb bbm paying troll destroy image leni social medium counter say negative campaigning,2022-05-07 23:03:48,1,,,,,,
election making emotional heard one mom friend saying cry father look marcos loyalist teared lenis speech today long really let win huhu,2022-05-07 23:03:45,4,,,,,,
leni kiko forever,2022-05-07 23:03:33,1,,,,,,
anti leni vloggers watched dont know real leni try search pro leni news legit one neutral vloggers,2022-05-07 23:03:30,1,,,,,,
happy mother day maam leni stay alive,2022-05-07 23:03:28,0,,,,,,
reporter going approach god lord beg please let vp leni sen kiko presidency vp jesus name amen,2022-05-07 23:03:22,5,,,,,,
may 8 mother day may 9 lenis day,2022-05-07 23:03:07,11,,,,,,
lie leni,2022-05-07 23:02:57,0,,,,,,
yall good news mom voting leni yaay,2022-05-07 23:02:54,1,,,,,,
thank sir fighting vp leni,2022-05-07 23:02:46,0,,,,,,
listen candidate said interview boy abunda leni plan,2022-05-07 23:02:25,0,,,,,,
base rally obvious vp leni lot information opponent possibility fraud high know sitter worthless one important watch vote tomorrow,2022-05-07 23:02:14,0,,,,,,
one many leni wont win,2022-05-07 23:02:09,1,,,,,,
election tom leni lead,2022-05-07 23:02:09,0,,,,,,
bad someone make stock market expects rise leni poster,2022-05-07 23:02:07,1,,,,,,
grandma bbm supporter dude hate kakampink people apos leni supporter gagk,2022-05-07 23:02:03,0,,,,,,
happy mother day vp leni,2022-05-07 23:01:53,0,,,,,,
sleep leni,2022-05-07 23:01:47,0,,,,,,
every time got church id always pray old thing yesterday practically begging god theyd bless u let leni win hope come true,2022-05-07 23:01:46,0,,,,,,
kindly consider remaining 3 team leni sonny matula alex lacson make sure everyone alive,2022-05-07 23:01:43,1,,,,,,
referring mama leni yeah gc messenger recruiting influencers defame bbm iendorse leni hehehe nice offer te,2022-05-07 23:01:41,0,,,,,,
time bagunado pra porra poor trainer vamos ver quando vai durar isso ahh pode falar n,2022-05-07 23:01:41,0,,,,,,
leni win doubt bong bing okay,2022-05-07 23:01:37,0,,,,,,
vp lenis determination want cry hold back indeed strong woman let win,2022-05-07 23:01:31,1,,,,,,
ok guy found already im lenikiko fam whahahahahahahahahshwhwhsh,2022-05-07 23:01:29,4,,,,,,
see effort sincerity lenis volunteer led campaign unprecedented didnt even care politician support want follow pur led fought good fight,2022-05-07 23:01:05,0,,,,,,
said leni sits president,2022-05-07 23:01:01,0,,,,,,
anyone giving leni tshirts orani hahahaa penge naman hahahahahaha,2022-05-07 23:00:55,1,,,,,,
way around im used reason mass side poisoned even nothing done way heard recent bbm supporter committed suicide due bullying leni supporter see hypocrite usual,2022-05-07 23:00:50,0,,,,,,
stupid leni wont voted shes educated like idiot,2022-05-07 23:00:42,1,,,,,,
mhmm kidding writing card harrd im bad word smh,2022-05-07 23:00:38,0,,,,,,
dont even know vp leni sen personally kiko feel love people intelligent free corruption decent rude murderer,2022-05-07 23:00:24,0,,,,,,
pulse asia 58 bbm must reduced true thief robredo said true liar cheated election must 4th final time quit marcos win leni robredo thief,2022-05-07 22:59:58,0,,,,,,
lenikiko beh dont forget kiko,2022-05-07 22:59:57,1,,,,,,
sorry choice made go vp lenis rally heartbreaking know produce good result make people come vp leni organic even bus haul everyone happy,2022-05-07 22:59:53,0,,,,,,
tension nhi leni sir g u,2022-05-07 22:59:44,0,,,,,,
asap leni robredo hahaha,2022-05-07 22:59:41,0,,,,,,
cant wait see name madam president mr leni robredo listen sona madam root love win lose,2022-05-07 22:59:35,4,,,,,,
leni promised change 1986 hahaha,2022-05-07 22:59:25,0,,,,,,
opportunity volunteer lenikiko universe decided give dream mother day sign,2022-05-07 22:59:16,3,,,,,,
get dark lenis number increase still like 2016,2022-05-07 22:59:02,5,,,,,,
good morning undecided welcome make lenikiko tandem win,2022-05-07 22:59:02,2,,,,,,
imagine bbm naga like youd probably like ashamed something like first people see good leader leni like like,2022-05-07 22:58:47,0,,,,,,
good morning let win vp leni tomorrow,2022-05-07 22:58:44,5,,,,,,
happy mother day vp mam leni,2022-05-07 22:58:43,0,,,,,,
didnt eat dinner last night leni stomach hungry heart full fight,2022-05-07 22:58:36,8,,,,,,
leni porridge,2022-05-07 22:58:31,0,,,,,,
forget choose ignore difference yellow power cheatedbut time sowhen bbm sdc winscontinue productive member community rather one find fault criticizes others like mama leni,2022-05-07 22:58:29,0,,,,,,
many jeepney tricycle driver leni,2022-05-07 22:58:04,1,,,,,,
please dont disrespectful friend sad front church even support maam leni dont,2022-05-07 22:57:52,1,,,,,,
tomorrow election make break country,2022-05-07 22:57:11,0,,,,,,
annoying fam friend bbm im one leni tt,2022-05-07 22:57:11,2,,,,,,
throwback leni speaker g6 graduation,2022-05-07 22:57:08,0,,,,,,
want shun insult mother support leni please postpone happy mother day today,2022-05-07 22:57:08,1,,,,,,
really dont know leni kiko havent yet,2022-05-07 22:57:05,3,,,,,,
supporter minor registered dont turn around known many people active leni yet voter sadly batchmates leni cannot vote coming may 9 precinct status deactivated,2022-05-07 22:57:03,0,,,,,,
feel frequency lenikiko win,2022-05-07 22:56:54,2,,,,,,
happy proud supported lenikiko angat buhay partylist along fellow kakampinks tnx guy,2022-05-07 22:56:51,0,,,,,,
sister morning called nickname see bbm rally 1m shene ell catch 7k filled yet im decided support leni,2022-05-07 22:56:50,2,,,,,,
get lenis trust simple question dont know answer youre stupid,2022-05-07 22:56:48,0,,,,,,
madame leni fulfill patriotic universal aspiration dream,2022-05-07 22:56:44,0,,,,,,
yes lenikiko,2022-05-07 22:56:32,0,,,,,,
makati mayor better leni,2022-05-07 22:56:19,0,,,,,,
yes dont shoot leni 6 year old food porridge mother float,2022-05-07 22:56:18,0,,,,,,
people dont sleep leni kiko,2022-05-07 22:56:17,0,,,,,,
shouldnt like nigerian always praying people loose fate hand,2022-05-07 22:56:17,0,,,,,,
cant wait victory vp leni please lord let leni kiko team lead country,2022-05-07 22:56:15,1,,,,,,
cried honestly everyone volunteer pure donation pure giving hard stand handle make sure sit vp leni sen kiko entire tropang angat,2022-05-07 22:56:07,7,,,,,,
nothing heart except wanda,2022-05-07 22:56:00,0,,,,,,
lenikiko president vice president philippine 2022 manifesting claiming leave everything god,2022-05-07 22:55:59,0,,,,,,
thats cute lt,33,2022-05-07 22:55:38,1,,,,,
thank much catriona gray cool beauty brain personified god bless lenikiko way,2022-05-07 22:55:28,8,,,,,,
thats true vp leni never met never spoken joma sison aligned red thats fake news,2022-05-07 22:55:14,1,,,,,,
let go leni please charot right behavior yarn,2022-05-07 22:55:08,0,,,,,,
omyghad isnt president yet win maybe every work chapel hear leni,2022-05-07 22:55:06,4,,,,,,
fucking true 20,2022-05-07 22:54:57,1,,,,,,
painful attend bbms rally ulterior motif leni robredo vote joke,2022-05-07 22:54:51,1,,,,,,
still go lenikiko tandemjust let give vp headache,2022-05-07 22:54:45,0,,,,,,
yep several content creator purchased think dont necessarily link card paypal put card data,2022-05-07 22:54:40,1,,,,,,
yes trying im bad sigh,2022-05-07 22:54:36,0,,,,,,
leni lost,2022-05-07 22:54:24,0,,,,,,
pay ke aing,2022-05-07 22:54:18,0,,,,,,
friend said isko one anything pandemic didnt reply anymore said fyi leni active among haa,2022-05-07 22:54:17,8,,,,,,
juan magan nobel prize winner literature,2022-05-07 22:54:14,2,,,,,,
prayed lenikiko senatorial candidate win coming monday happy sunday everyone,2022-05-07 22:54:10,0,,,,,,
thank youngest lenikiko,2022-05-07 22:54:07,0,,,,,,
considering pinging president number emerge victorious coming election question ok marcos win yes vote ping dont like marcos president better give leni vote,2022-05-07 22:54:05,0,,,,,,
filipino pres leni victory,2022-05-07 22:54:01,0,,,,,,
lenikiko tropang angat please win election cant afford another 6 painful year,2022-05-07 22:53:54,0,,,,,,
hi presidential candidate leni vp candidate kiko theyre noncorrupt politician running election theyre running really really shitty people,2022-05-07 22:53:47,0,,,,,,
yeah vp leni said would paying debt since appropriation debt repayment automatic 10 total national budget go really gap since spent health educ defense etc diverted ty du30s,2022-05-07 22:53:15,1,,,,,,
mother happy mother dayy especially everyones mother mama leni,2022-05-07 22:53:13,1,,,,,,
sick nervous leni,2022-05-07 22:53:00,2,,,,,,
well done showing love,2022-05-07 22:52:59,1,,,,,,
leni shall win sake 1103 victim killed martial law see future program changing philippine better see chose,2022-05-07 22:52:55,1,,,,,,
aunt always say ping voted shineshare s gc lbm amp, disinformation against leni ü§£ hahahaha inang ean,2022-05-07 22:52:33,1,,,,,
yes still cheat place leni said evidence even though polling yet,2022-05-07 22:52:32,0,,,,,,
yes leni mother isko hahahahaha yes,2022-05-07 22:52:32,1,,,,,,
leni kiko tomorrow,2022-05-07 22:52:25,25,,,,,,
stupid whahahahahahahahahahahahahaha leni supporter stupid,2022-05-07 22:52:21,0,,,,,,
,2022-05-07 22:52:20,0,,,,,,
dont think know hakot mean idol minion troll talking,2022-05-07 22:52:14,2,,,,,,
someone said asking president course im proud leni kiko wayy leni brainwashed youth like world brainwash term rephrase inspired,2022-05-07 22:52:08,3,,,,,,
batchmates college eight rooting leni status precinct deactivated neighborhood also kakampink family cannot vote cannot go home registered baguio cavite 25 reduced,2022-05-07 22:51:55,0,,,,,,
thats 30 hectare bbm big compared mother lenis rally tight road 4 hectare hard believe became 1 million whats matter oopps thought 750k,2022-05-07 22:51:39,0,,,,,,
went tv listened paquirrn saying independent age 18 depend mother que se fue de cantora porque le gustaba ser un mantenido son parasite,2022-05-07 22:51:25,1,,,,,,
leni bobo lutang educate pls place,2022-05-07 22:51:22,1,,,,,,
im anxious really hope leni win,2022-05-07 22:51:19,2,,,,,,
already feel madam leni sir kiko winning,2022-05-07 22:51:18,0,,,,,,
stressful coming back far ahdjflsksh 12 hour travel gyud waah gyud dae leni dong kiko let win tomorrow plss,2022-05-07 22:51:15,20,,,,,,
leni porket god,2022-05-07 22:51:08,0,,,,,,
sure winner leni kiko angat buhay troupe,2022-05-07 22:51:01,0,,,,,,
finally beloved vp leni rest coming grueling exhausting day campaign given everything u time u put hand election tomorrow win 10 happy mother day po love,2022-05-07 22:51:01,20,,,,,,
lenikiko leadership malacaan truly palace people looting take place 6 year,2022-05-07 22:51:01,0,,,,,,
better vp leni see hope change ghadd gone,2022-05-07 22:50:59,1,,,,,,
look kampwet feeling high wonder leni lose people like kampwet,2022-05-07 22:50:58,0,,,,,,
yes win campaign unforgettable tearful vote safely tomorrow every vote leni special,2022-05-07 22:50:49,2,,,,,,
leni supporter already like holier thou feeling like better everyone ironic,2022-05-07 22:50:49,1,,,,,,
fine ill think smth else,2022-05-07 22:50:47,0,,,,,,
whoop,2022-05-07 22:50:42,0,,,,,,
please tell morning shocked 18 yr old neighbor first time voter vp leni never cheated last election good presenting fact comment post juskoo dont want join bandwagon youre cutting f2f,2022-05-07 22:50:34,1,,,,,,
true talked people started laughing haha proof dont go rally artist leni kiko,2022-05-07 22:50:23,0,,,,,,
win lose vp leni know support,2022-05-07 22:50:18,0,,,,,,
hakot hauling vp leni hahahaha call support paid volunteer really remind thief wrong want rob okay government corrupt,2022-05-07 22:50:18,1,,,,,,
allowed cry leni kiko,2022-05-07 22:50:14,2,,,,,,
president leni robredo,2022-05-07 22:49:40,7,,,,,,
dont say cant comment lenis supporter page read,2022-05-07 22:49:38,0,,,,,,
happy mother day mama leni,2022-05-07 22:49:37,0,,,,,,
wife said pacquiao pro came pink election monday next day leni president think ah yes win thats brown win annoyed annoyed thats imitated also good angry,2022-05-07 22:49:30,6,,,,,,
good,2022-05-07 22:49:24,0,,,,,,
let leni lead pls,2022-05-07 22:49:20,1,,,,,,
day election received confirmation sister hell voting leni even though sara vp late reach friend family today,2022-05-07 22:49:12,2,,,,,,
leni voted bam aquino one dictated leni lazy thinking time one knew good number one bullying poor poor,2022-05-07 22:48:53,1,,,,,,
,2022-05-07 22:48:52,0,,,,,,
vp leni please win,2022-05-07 22:48:49,0,,,,,,
leni,2022-05-07 22:48:42,0,,,,,,
wahahhaa thats fake news 4 hectare small kayle become 1 million leni ng patung patung,2022-05-07 22:48:42,0,,,,,,
retweeting leni tweet 2016 cause ya spammed,2022-05-07 22:48:39,1,,,,,,
lenikiko right choice u,2022-05-07 22:48:23,0,,,,,,
mom bbm wtf shocked thought gonna vote leni,2022-05-07 22:48:13,0,,,,,,
hello engenes concludes lenikiko campaign journey doesnt end let use voice kpopstans help seek passion standing truth choosing protect nation filipino people thank everyone,2022-05-07 22:48:11,14,,,,,,
,2022-05-07 22:48:04,0,,,,,,
muslim bbmsdc haha entire muslim community really pink 30 survey ahh maybe 60m isnt survey right anyway true leni win right,2022-05-07 22:48:00,0,,,,,,
quero,2022-05-07 22:47:53,1,,,,,,
leni anyway,2022-05-07 22:47:46,1,,,,,,
woman understand,2022-05-07 22:47:43,1,,,,,,
manifesting president leni robredo vice president kiko pangilinan,2022-05-07 22:47:40,16,,,,,,
president leni robredo formality vote appeasement marcoses,2022-05-07 22:47:36,9,,,,,,
assurance really makaleni mean really makaleni attend rally depends pencil shshadan monday hater said possibility leni wont win thank,2022-05-07 22:47:34,2,,,,,,
good alji yeah im leni,2022-05-07 22:47:26,4,,,,,,
power madam leni hold yas queen,2022-05-07 22:47:14,0,,,,,,
happy mother day mom except mama leni,2022-05-07 22:47:11,0,,,,,,
leni one afam,2022-05-07 22:47:06,0,,,,,,
aj perezs exgf proud husband effort campaign vp leni aj must super proud,2022-05-07 22:46:57,1,,,,,,
fight continue tomorrow becomes real pink color good leni time stand philippine long live,2022-05-07 22:46:55,0,,,,,,
happy mother day mom mom single dad serve mom course vp leni robredo,2022-05-07 22:46:47,5,,,,,,
survey predict winner 2400 respondent cant predict winner thus dont make reason candidate win maybe recount say cheated fact receive silent voter leni,2022-05-07 22:46:33,0,,,,,,
relate daniel padilla fully support leni mom super bbm fan like parent yuck,2022-05-07 22:46:27,0,,,,,,
besides one neighbor assist election others know leni said invited cheat local candidate,2022-05-07 22:46:11,0,,,,,,
president leni robredo cutie,2022-05-07 22:45:53,11,,,,,,
body hurt leni,2022-05-07 22:45:50,0,,,,,,
happy mother day vp leni god bless family always way,2022-05-07 22:45:29,0,,,,,,
lost,2022-05-07 22:45:23,0,,,,,,
disappointing friend convinced last three day switch leni ping youre francine ping,2022-05-07 22:45:13,3,,,,,,
tl propaganda hit papa talk alike strange thing negative campaigning said leni still front case npa weak leader etc fucking hypocrite,2022-05-07 22:45:09,1,,,,,,
heyy fine ill try,2022-05-07 22:45:04,1,,,,,,
felt last 2016 election cry cry oh pls lord let leni win suffering filipino long overdue pilipinasispink,2022-05-07 22:45:03,11,,,,,,
youre hateful thief liar bbm chill anyway lost leni,2022-05-07 22:44:57,0,,,,,,
yes annoying much leni dont even loss food snack boot volunteer didnt eat either ah,2022-05-07 22:44:53,0,,,,,,
god bless win jesus name maam leni,2022-05-07 22:44:51,0,,,,,,
leni voted mainstream election netflix,2022-05-07 22:44:42,3,,,,,,
bbm spoke started running away got paid payment really different heard kakapinks joined payment vote leni,2022-05-07 22:44:16,1,,,,,,
watch vp leni robredos fb page,2022-05-07 22:44:14,0,,,,,,
1m camanava leni campaign,2022-05-07 22:43:59,0,,,,,,
loser leni kiko,2022-05-07 22:43:59,0,,,,,,
write card mother day thats nice cliche bc arent close smth like couldnt imagine better mum would weird,2022-05-07 22:43:57,2,,,,,,
im ilocano solid lenikiko,2022-05-07 22:43:57,12,,,,,,
leni win,2022-05-07 22:43:44,0,,,,,,
vote leni kiko,2022-05-07 22:43:42,23,,,,,,
never fanatic charge loyalty always good country blessed sunday happy mother day mama vp leni toughest job earth,2022-05-07 22:43:39,0,,,,,,
heyy happy neighbor suddenly leni felt tarp church havent started talking yet say leni deep inside im happy,2022-05-07 22:43:19,0,,,,,,
vp leni team angat buhay number people clamoring change number people critique number people rage fail deliver platform honest good governance honest government,2022-05-07 22:43:09,0,,,,,,
happy mother dayvp leni thank u ur sacrifice philmaam tin sir sherwin thank u support vp leni sir sherwin happy birthday po god bless u long live philippine,2022-05-07 22:42:55,2,,,,,,
yes there clip rally search fb youtube type leni dont let referring smni reporter said dont blush,2022-05-07 22:42:31,1,,,,,,
hard go home last night ride walk hahahahaha ayala buendia lol leni president dont really lose hahahahahahahahahahaha,2022-05-07 22:42:30,0,,,,,,
duty drive 2hrs leni,2022-05-07 22:42:22,5,,,,,,
,2022-05-07 22:42:17,11,,,,,,
,2022-05-07 22:42:11,0,,,,,,
lenis supporter poor,2022-05-07 22:41:59,0,,,,,,
pink concealer leni establishing brand still lp aquino era he one loading party people basis voting aquinos wife achievement hard work,2022-05-07 22:41:59,3,,,,,,
president leni cutiee,2022-05-07 22:41:56,1,,,,,,
lenis live wtached bbms curiosity didnt stay long didnt hear anything except unity really legit platform unity2x sweet nways good morning,2022-05-07 22:41:41,1,,,,,,
spill say,2022-05-07 22:41:38,0,,,,,,
leni lost,2022-05-07 22:41:33,0,,,,,,
santa leni mother,2022-05-07 22:41:19,2,,,,,,
juicekolorddifferent vp leni press freedom spoiled brat win hope dont cheatvp leni win,2022-05-07 22:41:18,0,,,,,,
ikrr,2022-05-07 22:41:04,1,,,,,,
dreamed vp leni,2022-05-07 22:41:02,1,,,,,,
master btc jb touch kry 33k tb next entry tb leni hain coin,2022-05-07 22:40:43,0,,,,,,
thought really bad big possibility philippine happy leni win opposite marcos win scary,2022-05-07 22:40:39,10,,,,,,
feeling going rally look fun im leni kikos poster taken,2022-05-07 22:40:39,0,,,,,,
lord let leni go please,2022-05-07 22:40:28,12,,,,,,
dont touch rumor leni someone sign known leni thumb thimbs need clean ink tint damage also check receipt see match voted,2022-05-07 22:40:21,0,,,,,,
thank said vp leni mind,2022-05-07 22:40:11,3,,,,,,
really proud leni win hahaha marcos sarah let go 9,2022-05-07 22:40:11,0,,,,,,
dont like leni supporter running besides feeling perfect point marcos crime theyre trying revise history silent allow get away marcos troll harassing leni 6 year,2022-05-07 22:40:09,0,,,,,,
please consider vp leni sen kiko senate slate thats bet one clean track record,2022-05-07 22:40:00,1,,,,,,
president leni,2022-05-07 22:39:50,1,,,,,,
headline saying poised win thats mind conditioning google trend analytics predicted win duterte trump biden show leni robredo ahead number also reflected massive turnout people volunteer ground,2022-05-07 22:39:36,0,,,,,,
even though rally makati believe vp leni win,2022-05-07 22:39:29,1,,,,,,
happy mother day post madam leni mother,2022-05-07 22:38:57,0,,,,,,
,2022-05-07 22:38:57,0,,,,,,
happy mother day vp leni next president philippine thank much standing fighting u future child next generation stay alive,2022-05-07 22:38:55,0,,,,,,
,2022-05-07 22:38:32,0,,,,,,
like pity let let leni win,2022-05-07 22:38:32,2,,,,,,
kapoya nyo te hey oh lage bbm leni always go let know tomorrow,2022-05-07 22:38:30,4,,,,,,
alcohol addiction many unfair question end,2022-05-07 22:38:27,6,,,,,,
hard work done done successful soon vp leni residing new office 6 yr,2022-05-07 22:38:25,1,,,,,,
many volunteer watcher leni kiko dont worry im one,2022-05-07 22:38:25,2,,,,,,
everything said true asked dont like leni say im fighting,2022-05-07 22:38:21,0,,,,,,
,2022-05-07 22:37:59,0,,,,,,
marcosduterte invested disinformation, Leni-Kiko invested in trust.  Trust will win.,2022-05-07 22:37:49,9,,,,,
go go go mam leni future filipino,2022-05-07 22:37:39,0,,,,,,
might win oh bam loser leni,2022-05-07 22:37:34,0,,,,,,
grandparent voting leni,2022-05-07 22:37:33,0,,,,,,
feel weak cant share leni posting please huhu,2022-05-07 22:37:29,0,,,,,,
,2022-05-07 22:37:28,0,,,,,,
bbm money leni support,2022-05-07 22:37:19,0,,,,,,
hope looked brain washed lenis frame huhu,2022-05-07 22:37:17,0,,,,,,
sleepless lenikiko,2022-05-07 22:37:09,0,,,,,,
meus sentimentos,2022-05-07 22:37:05,0,,,,,,
lenis flower,2022-05-07 22:37:03,1,,,,,,
world organizing event teleprompter must even sonas there always teleprompter,2022-05-07 22:36:38,0,,,,,,
,2022-05-07 22:36:30,0,,,,,,
track record fact leni encourages people good thing unconditionally volunteering imagine continues win,2022-05-07 22:36:21,1,,,,,,
make sure artist vocal people vp leni really kind care country maybe others eme people bitch real life know francine maybe saying francine people even elected,2022-05-07 22:36:20,60,,,,,,
oh beybi one hang maybe leni blamed,2022-05-07 22:36:15,2,,,,,,
,2022-05-07 22:36:05,0,,,,,,
tsk tsk ok lenis problem,2022-05-07 22:35:55,0,,,,,,
hahhaahah edited yesterday many peopleand transportation paymentwe still spend fareits enough xc accept mam lenis supporter real spend really,2022-05-07 22:35:40,4,,,,,,
,2022-05-07 22:35:39,0,,,,,,
,2022-05-07 22:35:30,4,,,,,,
mam leni hope sinking motherland fight continues colorr,2022-05-07 22:35:28,0,,,,,,
lord let win pls,2022-05-07 22:35:25,0,,,,,,
say issue actually pretty cool shut move dont trust yellow people surround leni,2022-05-07 22:35:22,0,,,,,,
art leni win art blend mahb win,2022-05-07 22:35:21,0,,,,,,
see,2022-05-07 22:35:20,1,,,,,,
thought one brother leni kiko,2022-05-07 22:35:15,1,,,,,,
bad sleep leni,2022-05-07 22:35:11,3,,,,,,
keep sharing sc two without knowing truth dont politicize death adding caption even sharing intent giving meaning vp leni people politics people stop,2022-05-07 22:34:59,0,,,,,,
,2022-05-07 22:34:46,0,,,,,,
universe give leni robredo philippine please,2022-05-07 22:34:30,0,,,,,,
cest qui mettra fin au racisme,2022-05-07 22:34:21,1,,,,,,
kolhoun see leni ijo aabi sw amii,2022-05-07 22:34:21,0,,,,,,
3 good number fact point isko emerge victorious election question ok marcos win yes vote isko dont like marcos lead country better give vote leni,2022-05-07 22:34:17,0,,,,,,
,2022-05-07 22:34:15,0,,,,,,
always duty lenikiko,2022-05-07 22:33:56,1,,,,,,
happy mother day mama leni,2022-05-07 22:33:55,0,,,,,,
sure leni nb bet wont win 100k pm,2022-05-07 22:33:46,0,,,,,,
knew start could never convince parent vote leni theyve always lowkey misogynistic least ive convinced vote candidate,2022-05-07 22:33:43,4,,,,,,
vote everyone except leni,2022-05-07 22:33:40,0,,,,,,
let u pray god vp leni robredo win presidential election,2022-05-07 22:33:29,0,,,,,,
oyy im shouted led led led lenikiko,2022-05-07 22:33:28,3,,,,,,
fr fiel pareja catholic ask priest catholic church dabbling politics enough priest support leni robredo kiko pangilinan shouldnt saying mass church,2022-05-07 22:33:21,0,,,,,,
kd kinda reminds vp leni always number 2 giaaniiss antetokouunmpoo,2022-05-07 22:33:12,0,,,,,,
que maravilhos pedir exculpa e vir para lado certo,2022-05-07 22:33:06,0,,,,,,
leni bbm,2022-05-07 22:32:48,0,,,,,,
sure aleng leni lugaw also buying vote payment even expensive,2022-05-07 22:32:17,0,,,,,,
yes ready vote vp leni kiko,2022-05-07 22:32:14,0,,,,,,
7m new voter even leni kiko half swing voter win chicken,2022-05-07 22:32:05,120,,,,,,
